{
    "openapi": "3.0.0",
    "info": {
        "title": "BACKEND API",
        "description": "BACKEND API",
        "contact": {
            "email": "contact@example.com"
        },
        "version": "1.0.0"
    },
    "paths": {
        "/admin/category": {
            "get": {
                "summary": "Get category",
                "operationId": "0e3f7b7bb99110932a51354c051a3391",
                "responses": {
                    "200": {
                        "description": "OK",
                        "content": {
                            "application/json": {
                                "schema": {
                                    "properties": {
                                        "status": {
                                            "type": "boolean",
                                            "example": true
                                        },
                                        "data": {
                                            "type": "string"
                                        }
                                    },
                                    "type": "object"
                                }
                            }
                        }
                    }
                }
            }
        },
        "/admin/category/{id}": {
            "get": {
                "summary": "Get category id",
                "operationId": "a1199d3355c962d554a64c9d0ffd95cd",
                "responses": {
                    "200": {
                        "description": "OK",
                        "content": {
                            "application/json": {
                                "schema": {
                                    "properties": {
                                        "status": {
                                            "type": "boolean",
                                            "example": true
                                        },
                                        "data": {
                                            "type": "string"
                                        }
                                    },
                                    "type": "object"
                                }
                            }
                        }
                    }
                }
            }
        },
        "/admin/create/category": {
            "post": {
                "summary": "create category",
                "operationId": "a81b4ad51127811c745688eea4959f59",
                "requestBody": {
                    "description": "Checkout details",
                    "required": true,
                    "content": {
                        "application/json": {
                            "schema": {
                                "required": [
                                    "name"
                                ],
                                "properties": {
                                    "name": {
                                        "type": "string",
                                        "example": "name"
                                    }
                                },
                                "type": "object"
                            }
                        }
                    }
                },
                "responses": {
                    "200": {
                        "description": "Successful operation",
                        "content": {
                            "application/json": {
                                "schema": {
                                    "properties": {
                                        "status": {
                                            "type": "boolean",
                                            "example": true
                                        },
                                        "data": {
                                            "type": "string"
                                        }
                                    },
                                    "type": "object"
                                }
                            }
                        }
                    }
                }
            }
        },
        "/admin/update/category/{id}": {
            "post": {
                "summary": "update category",
                "operationId": "55e28ec49bf95423f5f937c5e7da34c1",
                "requestBody": {
                    "description": "Checkout details",
                    "required": true,
                    "content": {
                        "application/json": {
                            "schema": {
                                "required": [
                                    "name"
                                ],
                                "properties": {
                                    "name": {
                                        "type": "string",
                                        "example": "name"
                                    }
                                },
                                "type": "object"
                            }
                        }
                    }
                },
                "responses": {
                    "200": {
                        "description": "Successful operation",
                        "content": {
                            "application/json": {
                                "schema": {
                                    "properties": {
                                        "status": {
                                            "type": "boolean",
                                            "example": true
                                        },
                                        "data": {
                                            "type": "string"
                                        }
                                    },
                                    "type": "object"
                                }
                            }
                        }
                    }
                }
            }
        },
        "/admin/delete/category/{id}": {
            "get": {
                "summary": "delete category id",
                "operationId": "b8f19d507a8c0e2833881fab3d199350",
                "responses": {
                    "200": {
                        "description": "OK",
                        "content": {
                            "application/json": {
                                "schema": {
                                    "properties": {
                                        "status": {
                                            "type": "boolean",
                                            "example": true
                                        },
                                        "data": {
                                            "type": "string"
                                        }
                                    },
                                    "type": "object"
                                }
                            }
                        }
                    }
                }
            }
        },
        "/admin/order": {
            "get": {
                "summary": "Get order",
                "operationId": "caab79b2557c526a275d32d5dac8d260",
                "responses": {
                    "200": {
                        "description": "OK",
                        "content": {
                            "application/json": {
                                "schema": {
                                    "properties": {
                                        "status": {
                                            "type": "boolean",
                                            "example": true
                                        },
                                        "data": {
                                            "type": "string"
                                        }
                                    },
                                    "type": "object"
                                }
                            }
                        }
                    }
                }
            }
        },
        "/admin/order/{id}": {
            "get": {
                "summary": "Get order id",
                "operationId": "c2e131b5287c1393b44c344472220101",
                "responses": {
                    "200": {
                        "description": "OK",
                        "content": {
                            "application/json": {
                                "schema": {
                                    "properties": {
                                        "status": {
                                            "type": "boolean",
                                            "example": true
                                        },
                                        "data": {
                                            "type": "string"
                                        }
                                    },
                                    "type": "object"
                                }
                            }
                        }
                    }
                }
            }
        },
        "/admin/update/order/{id}": {
            "post": {
                "summary": "update order",
                "operationId": "89baaf9d666105e9a359b795b9d06324",
                "requestBody": {
                    "description": "Checkout details",
                    "required": true,
                    "content": {
                        "application/json": {
                            "schema": {
                                "required": [
                                    "status"
                                ],
                                "properties": {
                                    "status": {
                                        "type": "string",
                                        "example": "status"
                                    }
                                },
                                "type": "object"
                            }
                        }
                    }
                },
                "responses": {
                    "200": {
                        "description": "Successful operation",
                        "content": {
                            "application/json": {
                                "schema": {
                                    "properties": {
                                        "status": {
                                            "type": "boolean",
                                            "example": true
                                        },
                                        "data": {
                                            "type": "string"
                                        }
                                    },
                                    "type": "object"
                                }
                            }
                        }
                    }
                }
            }
        },
        "/admin/product": {
            "get": {
                "summary": "Get product",
                "operationId": "dadbd04bdf92429f9ddd55d5411ef8ef",
                "responses": {
                    "200": {
                        "description": "OK",
                        "content": {
                            "application/json": {
                                "schema": {
                                    "properties": {
                                        "status": {
                                            "type": "boolean",
                                            "example": true
                                        },
                                        "data": {
                                            "type": "string"
                                        }
                                    },
                                    "type": "object"
                                }
                            }
                        }
                    }
                }
            }
        },
        "/admin/product/{id}": {
            "get": {
                "summary": "Get product id",
                "operationId": "82049e4aea6206ded2deb4d6fac741ba",
                "responses": {
                    "200": {
                        "description": "OK",
                        "content": {
                            "application/json": {
                                "schema": {
                                    "properties": {
                                        "status": {
                                            "type": "boolean",
                                            "example": true
                                        },
                                        "data": {
                                            "type": "string"
                                        }
                                    },
                                    "type": "object"
                                }
                            }
                        }
                    }
                }
            }
        },
        "/admin/create/product": {
            "post": {
                "summary": "create product",
                "operationId": "189439072720754269c8c90c27984c57",
                "requestBody": {
                    "description": "Checkout details",
                    "required": true,
                    "content": {
                        "application/json": {
                            "schema": {
                                "required": [
                                    "image",
                                    "category_id",
                                    "nama",
                                    "deskripsi",
                                    "harga",
                                    "stock"
                                ],
                                "properties": {
                                    "image": {
                                        "type": "string",
                                        "example": "image"
                                    },
                                    "category_id": {
                                        "type": "number",
                                        "example": "category_id"
                                    },
                                    "nama": {
                                        "type": "string",
                                        "example": "nama"
                                    },
                                    "deskripsi": {
                                        "type": "string",
                                        "example": "deskripsi"
                                    },
                                    "harga": {
                                        "type": "string",
                                        "example": "harga"
                                    },
                                    "stock": {
                                        "type": "number",
                                        "example": "stock"
                                    }
                                },
                                "type": "object"
                            }
                        }
                    }
                },
                "responses": {
                    "200": {
                        "description": "Successful operation",
                        "content": {
                            "application/json": {
                                "schema": {
                                    "properties": {
                                        "status": {
                                            "type": "boolean",
                                            "example": true
                                        },
                                        "data": {
                                            "type": "string"
                                        }
                                    },
                                    "type": "object"
                                }
                            }
                        }
                    }
                }
            }
        },
        "/admin/update/product/{id}": {
            "post": {
                "summary": "update product",
                "operationId": "46762ae09d890dcbfbcef284c4a12e58",
                "requestBody": {
                    "description": "Checkout details",
                    "required": true,
                    "content": {
                        "application/json": {
                            "schema": {
                                "properties": {
                                    "image": {
                                        "type": "string",
                                        "example": "image"
                                    },
                                    "category_id": {
                                        "type": "number",
                                        "example": "category_id"
                                    },
                                    "nama": {
                                        "type": "string",
                                        "example": "nama"
                                    },
                                    "deskripsi": {
                                        "type": "string",
                                        "example": "deskripsi"
                                    },
                                    "harga": {
                                        "type": "string",
                                        "example": "harga"
                                    },
                                    "stock": {
                                        "type": "number",
                                        "example": "stock"
                                    }
                                },
                                "type": "object"
                            }
                        }
                    }
                },
                "responses": {
                    "200": {
                        "description": "Successful operation",
                        "content": {
                            "application/json": {
                                "schema": {
                                    "properties": {
                                        "status": {
                                            "type": "boolean",
                                            "example": true
                                        },
                                        "data": {
                                            "type": "string"
                                        }
                                    },
                                    "type": "object"
                                }
                            }
                        }
                    }
                }
            }
        },
        "/admin/delete/product/{id}": {
            "get": {
                "summary": "delete product id",
                "operationId": "3028391fc54ecd240b7168454c5c201b",
                "responses": {
                    "200": {
                        "description": "OK",
                        "content": {
                            "application/json": {
                                "schema": {
                                    "properties": {
                                        "status": {
                                            "type": "boolean",
                                            "example": true
                                        },
                                        "data": {
                                            "type": "string"
                                        }
                                    },
                                    "type": "object"
                                }
                            }
                        }
                    }
                }
            }
        },
        "api": {
            "get": {
                "summary": "Get home",
                "operationId": "ca8ba33645a2866a6576edb5ecfe51fe",
                "responses": {
                    "200": {
                        "description": "OK",
                        "content": {
                            "application/json": {
                                "schema": {
                                    "properties": {
                                        "status": {
                                            "type": "boolean",
                                            "example": true
                                        },
                                        "message": {
                                            "type": "string",
                                            "example": "Berhasil mengambil data"
                                        },
                                        "countproduct": {
                                            "type": "integer",
                                            "example": 10000
                                        },
                                        "product": {
                                            "type": "string"
                                        }
                                    },
                                    "type": "object"
                                }
                            }
                        }
                    }
                }
            }
        },
        "api/cart/{id}": {
            "get": {
                "summary": "Get shopping cart",
                "operationId": "f94160cf43c13e8044919991d83cf61a",
                "responses": {
                    "200": {
                        "description": "OK",
                        "content": {
                            "application/json": {
                                "schema": {
                                    "properties": {
                                        "status": {
                                            "type": "boolean",
                                            "example": true
                                        },
                                        "message": {
                                            "type": "string",
                                            "example": "Berhasil mengambil data"
                                        },
                                        "totalprice": {
                                            "type": "integer",
                                            "example": 10000
                                        },
                                        "cart": {
                                            "type": "string"
                                        }
                                    },
                                    "type": "object"
                                }
                            }
                        }
                    }
                }
            }
        },
        "api/check-out/{id}": {
            "get": {
                "summary": "Get shopping cart",
                "operationId": "dc1b46e1d90703647bf885c31ea13d26",
                "responses": {
                    "200": {
                        "description": "OK",
                        "content": {
                            "application/json": {
                                "schema": {
                                    "properties": {
                                        "status": {
                                            "type": "boolean",
                                            "example": true
                                        },
                                        "message": {
                                            "type": "string",
                                            "example": "Berhasil mengambil data"
                                        },
                                        "totalprice": {
                                            "type": "integer",
                                            "example": 10000
                                        },
                                        "cart": {
                                            "type": "string"
                                        }
                                    },
                                    "type": "object"
                                }
                            }
                        }
                    }
                }
            }
        },
        "/api/check-out": {
            "post": {
                "summary": "Checkout",
                "operationId": "aff108a3344c879ff3d566d26f1da137",
                "requestBody": {
                    "description": "Checkout details",
                    "required": true,
                    "content": {
                        "application/json": {
                            "schema": {
                                "required": [
                                    "full_name",
                                    "address",
                                    "city",
                                    "state",
                                    "postcode",
                                    "phone",
                                    "note",
                                    "bukti_pembayaran"
                                ],
                                "properties": {
                                    "full_name": {
                                        "type": "string",
                                        "example": "John Doe"
                                    },
                                    "address": {
                                        "type": "string",
                                        "example": "123 Main St"
                                    },
                                    "city": {
                                        "type": "string",
                                        "example": "City"
                                    },
                                    "state": {
                                        "type": "string",
                                        "example": "State"
                                    },
                                    "postcode": {
                                        "type": "string",
                                        "example": "12345"
                                    },
                                    "phone": {
                                        "type": "string",
                                        "example": "123-456-7890"
                                    },
                                    "note": {
                                        "type": "string",
                                        "example": "Some note"
                                    },
                                    "bukti_pembayaran": {
                                        "type": "string",
                                        "format": "binary",
                                        "example": "base64 encoded image"
                                    }
                                },
                                "type": "object"
                            }
                        }
                    }
                },
                "responses": {
                    "200": {
                        "description": "Successful operation",
                        "content": {
                            "application/json": {
                                "schema": {
                                    "properties": {
                                        "status": {
                                            "type": "boolean",
                                            "example": true
                                        },
                                        "message": {
                                            "type": "string",
                                            "example": "Checkout successful"
                                        }
                                    },
                                    "type": "object"
                                }
                            }
                        }
                    }
                }
            }
        },
        "api/cart/remove/{id}": {
            "get": {
                "summary": "Get shopping cart",
                "operationId": "3804c5f335abb063696b4c699125ce32",
                "responses": {
                    "200": {
                        "description": "OK",
                        "content": {
                            "application/json": {
                                "schema": {
                                    "properties": {
                                        "status": {
                                            "type": "boolean",
                                            "example": true
                                        },
                                        "message": {
                                            "type": "string",
                                            "example": "Berhasil mengambil data"
                                        }
                                    },
                                    "type": "object"
                                }
                            }
                        }
                    }
                }
            }
        },
        "api/add-cart/{productid}": {
            "get": {
                "summary": "Get shopping cart",
                "operationId": "a4bb492c3216414a32a2e110f7128edd",
                "responses": {
                    "200": {
                        "description": "OK",
                        "content": {
                            "application/json": {
                                "schema": {
                                    "properties": {
                                        "status": {
                                            "type": "boolean",
                                            "example": true
                                        },
                                        "message": {
                                            "type": "string",
                                            "example": "Berhasil mengambil data"
                                        }
                                    },
                                    "type": "object"
                                }
                            }
                        }
                    }
                }
            }
        },
        "/api/login": {
            "post": {
                "summary": "Login",
                "operationId": "222b2625838e3c57e017987f73598fda",
                "requestBody": {
                    "description": "Login",
                    "required": true,
                    "content": {
                        "application/json": {
                            "schema": {
                                "required": [
                                    "email",
                                    "password"
                                ],
                                "properties": {
                                    "email": {
                                        "type": "string",
                                        "example": "email@email.com"
                                    },
                                    "password": {
                                        "type": "string",
                                        "example": "password"
                                    }
                                },
                                "type": "object"
                            }
                        }
                    }
                },
                "responses": {
                    "200": {
                        "description": "Successful operation",
                        "content": {
                            "application/json": {
                                "schema": {
                                    "properties": {
                                        "status": {
                                            "type": "boolean",
                                            "example": true
                                        },
                                        "message": {
                                            "type": "string",
                                            "example": "Login Success"
                                        }
                                    },
                                    "type": "object"
                                }
                            }
                        }
                    }
                }
            }
        },
        "/api/register": {
            "post": {
                "summary": "register",
                "operationId": "8e4e3cb7b46126f4696379d3c7eeb4ad",
                "requestBody": {
                    "description": "register",
                    "required": true,
                    "content": {
                        "application/json": {
                            "schema": {
                                "required": [
                                    "name",
                                    "email",
                                    "password"
                                ],
                                "properties": {
                                    "name": {
                                        "type": "string",
                                        "example": "name"
                                    },
                                    "email": {
                                        "type": "string",
                                        "example": "email@email.com"
                                    },
                                    "password": {
                                        "type": "string",
                                        "example": "password"
                                    }
                                },
                                "type": "object"
                            }
                        }
                    }
                },
                "responses": {
                    "200": {
                        "description": "Successful operation",
                        "content": {
                            "application/json": {
                                "schema": {
                                    "properties": {
                                        "status": {
                                            "type": "boolean",
                                            "example": true
                                        },
                                        "message": {
                                            "type": "string",
                                            "example": "Register Success"
                                        }
                                    },
                                    "type": "object"
                                }
                            }
                        }
                    }
                }
            }
        },
        "/get-order/{userid}": {
            "get": {
                "summary": "Get dashboard",
                "operationId": "ed55ab938d88fa88c404523134c53a2c",
                "responses": {
                    "200": {
                        "description": "OK",
                        "content": {
                            "application/json": {
                                "schema": {
                                    "properties": {
                                        "status": {
                                            "type": "boolean",
                                            "example": true
                                        },
                                        "message": {
                                            "type": "string",
                                            "example": "Berhasil mengambil data"
                                        },
                                        "data": {
                                            "type": "string"
                                        }
                                    },
                                    "type": "object"
                                }
                            }
                        }
                    }
                }
            }
        },
        "/get-product/{id}": {
            "get": {
                "summary": "Get dashboard",
                "operationId": "102b1234d1ae4c87b1971b00503335ca",
                "responses": {
                    "200": {
                        "description": "OK",
                        "content": {
                            "application/json": {
                                "schema": {
                                    "properties": {
                                        "status": {
                                            "type": "boolean",
                                            "example": true
                                        },
                                        "message": {
                                            "type": "string",
                                            "example": "Berhasil mengambil data"
                                        },
                                        "data": {
                                            "type": "string"
                                        }
                                    },
                                    "type": "object"
                                }
                            }
                        }
                    }
                }
            }
        }
    }
}